url_path,views_total,views_unique
/wangchucheng/hugo-eureka,94,80
/wangchucheng/hugo-eureka/blob/main/README.zh.md,7,5
/wangchucheng/hugo-eureka/tree/main/exampleSite/config/_default,7,2
/wangchucheng/hugo-eureka/tree/main/exampleSite/config,4,1
/wangchucheng/hugo-eureka/discussions/80,3,2
/wangchucheng/hugo-eureka/blob/main/_vendor/github.com/FortAwesome/Font-Awesome/js-packages/@fortawesome/free-brands-svg-icons/faCcAmex.js,2,2
/wangchucheng/hugo-eureka/blob/main/_vendor/github.com/FortAwesome/Font-Awesome/js-packages/@fortawesome/free-brands-svg-icons/faCcDiscover.js,2,2
/wangchucheng/hugo-eureka/blob/main/_vendor/github.com/FortAwesome/Font-Awesome/js-packages/@fortawesome/free-brands-svg-icons/faFedora.js,2,2
/wangchucheng/hugo-eureka/blob/main/_vendor/github.com/FortAwesome/Font-Awesome/js-packages/@fortawesome/free-brands-svg-icons/faItunesNote.js,2,2
/wangchucheng/hugo-eureka/blob/main/_vendor/github.com/FortAwesome/Font-Awesome/js-packages/@fortawesome/free-brands-svg-icons/faKeybase.js,2,2
